{
  "base_points": 599.41,
  "features": {
    "fico_score": {
      "coefficient": -1.1282653549260713,
      "bins": {
        "Bin_0": -32.86,
        "Bin_1": -13.09,
        "Bin_2": 0.26,
        "Bin_3": 13.23,
        "Bin_4": 25.98,
        "Bin_5": 48.15
      },
      "woe_map": {
        "Bin_0": -1.0093,
        "Bin_1": -0.4022,
        "Bin_2": 0.008,
        "Bin_3": 0.4063,
        "Bin_4": 0.7981,
        "Bin_5": 1.4789
      }
    },
    "inq_6m": {
      "coefficient": -1.1991783358422452,
      "bins": {
        "Bin_0": 11.19,
        "Bin_1": -3.95,
        "Bin_2": -13.21,
        "Bin_3": -31.26
      },
      "woe_map": {
        "Bin_0": 0.3235,
        "Bin_1": -0.1142,
        "Bin_2": -0.3817,
        "Bin_3": -0.9035
      }
    },
    "dti": {
      "coefficient": -1.2063511894842873,
      "bins": {
        "Bin_0": 20.0,
        "Bin_1": 8.77,
        "Bin_2": 7.89,
        "Bin_3": 0.48,
        "Bin_4": -7.05,
        "Bin_5": -20.72
      },
      "woe_map": {
        "Bin_0": 0.5745,
        "Bin_1": 0.2519,
        "Bin_2": 0.2266,
        "Bin_3": 0.0138,
        "Bin_4": -0.2026,
        "Bin_5": -0.5952
      }
    },
    "revol_util": {
      "coefficient": -1.2408884218315643,
      "bins": {
        "Bin_0": 17.74,
        "Bin_1": 8.49,
        "Bin_2": 5.1,
        "Bin_3": -0.4,
        "Bin_4": -6.77,
        "Bin_5": -17.38
      },
      "woe_map": {
        "Bin_0": 0.4955,
        "Bin_1": 0.2371,
        "Bin_2": 0.1423,
        "Bin_3": -0.0111,
        "Bin_4": -0.189,
        "Bin_5": -0.4855
      }
    },
    "delinq_2yrs": {
      "coefficient": -1.2962905882950004,
      "bins": {
        "Bin_0": 3.97,
        "Bin_1": -30.52
      },
      "woe_map": {
        "Bin_0": 0.106,
        "Bin_1": -0.816
      }
    },
    "credit_age": {
      "coefficient": -1.2107927447083704,
      "bins": {
        "Bin_0": -12.92,
        "Bin_1": -7.16,
        "Bin_2": -1.28,
        "Bin_3": 3.27,
        "Bin_4": 7.85,
        "Bin_5": 15.45
      },
      "woe_map": {
        "Bin_0": -0.3697,
        "Bin_1": -0.205,
        "Bin_2": -0.0367,
        "Bin_3": 0.0935,
        "Bin_4": 0.2246,
        "Bin_5": 0.4422
      }
    },
    "annual_inc": {
      "coefficient": -1.221065950945816,
      "bins": {
        "Bin_0": -9.49,
        "Bin_1": -5.09,
        "Bin_2": -4.06,
        "Bin_3": 0.49,
        "Bin_4": 5.56,
        "Bin_5": 16.58
      },
      "woe_map": {
        "Bin_0": -0.2693,
        "Bin_1": -0.1445,
        "Bin_2": -0.1154,
        "Bin_3": 0.0138,
        "Bin_4": 0.1579,
        "Bin_5": 0.4706
      }
    }
  }
}